{"val_loss": [2.2990677322387696, 0.9822340311050415, 1.057290808868408, 0.7810948362350464, 0.7074209272384644, 0.7014702388763427, 0.6678541162490844, 0.6302921855926513, 0.6336293607711792, 0.6342061016082764, 0.596951027393341, 0.6116245586395264, 0.64731117811203, 0.895164001083374, 0.6060512983322144, 0.5805445569038391, 0.5750220678329467, 0.5906084943771363, 0.5889101570129395, 0.6046451490402222, 0.5567716537475585, 0.5665867328643799, 0.5995794163703918, 0.5802765122890472, 0.5825848999977112, 0.6644990343093872, 0.6065404071331024, 0.5860716230392456, 0.6201493101119995, 0.5769843980789184, 0.5762129095077515, 0.6014027441978455, 0.6069052863121033, 0.5910465688705444, 0.594405924987793, 0.5947575650691986, 0.6206811263561248, 0.6458959496974945, 0.6220281812667847, 0.5894050543308258, 0.6130219920158386, 0.5985762216567994, 0.6120144506454468, 0.6006165715217591, 0.6718578777313232, 0.6450320411682129, 0.712156108379364, 0.6135540798187256, 0.6557416980743408, 0.6477226572036743, 0.6358732322692872, 0.625301354598999, 0.6120737998962402, 0.6362558263778687, 0.6514057221412659, 0.6200650619506836, 0.6669191619873047, 0.6431440340995789, 0.6371760334014892, 0.6489445224761963, 0.6042779223442077, 0.6901414425849914, 0.6252470352172852, 0.6460691905021667, 0.6442102420806884, 0.6572735999107361, 0.6722853680610656, 0.6303796095848083, 0.6349121884346008, 0.6810952236175537, 0.6286423960208892, 0.6877922686100006, 0.6530892246246338, 0.69418531665802, 0.6556403372764588, 0.6433733647346497, 0.6515148644447326, 0.674776442861557, 0.6703497829437256, 0.6690420146942139, 0.6899927877426147, 0.6534084471702576, 0.6469557189941406, 0.6636719085693359, 0.644683371925354, 0.6567488361358642, 0.6738924073219299, 0.6405604380607605, 0.6548174612045288, 0.6621468739509583, 0.6360294601440429, 0.6606692093372345, 0.6843572240352631, 0.7075117908477783, 0.643714813709259, 0.7638057960510254, 0.6579601649284362, 0.6904551440715789, 0.6495826768875123, 0.6850907583236694], "val_acc": [0.3596, 0.6442, 0.6227, 0.7289, 0.7518, 0.7511, 0.7727, 0.781, 0.7808, 0.7892, 0.7974, 0.7902, 0.7822, 0.7205, 0.8009, 0.8114, 0.8148, 0.8097, 0.811, 0.8058, 0.8213, 0.8192, 0.8148, 0.8194, 0.8145, 0.7956, 0.8164, 0.8215, 0.8131, 0.8243, 0.829, 0.8198, 0.8225, 0.8269, 0.8244, 0.8261, 0.8246, 0.8152, 0.823, 0.8328, 0.8288, 0.8299, 0.8254, 0.8289, 0.8151, 0.8273, 0.8069, 0.828, 0.8251, 0.824, 0.8268, 0.8263, 0.8278, 0.8299, 0.8261, 0.8328, 0.8256, 0.8294, 0.8301, 0.8301, 0.8334, 0.8256, 0.8344, 0.8327, 0.8351, 0.8277, 0.8299, 0.8288, 0.8283, 0.8286, 0.8334, 0.8264, 0.8321, 0.8273, 0.8345, 0.8363, 0.8319, 0.8314, 0.8276, 0.8342, 0.8323, 0.836, 0.8364, 0.8354, 0.8356, 0.8373, 0.833, 0.8346, 0.8359, 0.8361, 0.8403, 0.8395, 0.8362, 0.8253, 0.8368, 0.8215, 0.8386, 0.8337, 0.8406, 0.8369], "loss": [1.6061711278533937, 1.1320679291534423, 0.9673500379943848, 0.8590092405891419, 0.7909705162048339, 0.7331690030479431, 0.680500538406372, 0.6311135595321655, 0.5983945587539673, 0.5701291311264038, 0.5344642058944702, 0.5029641003799439, 0.47614292922973633, 0.45013386793136595, 0.4514072015190124, 0.407015382938385, 0.3878933612251282, 0.36532196285247803, 0.354289931306839, 0.3421150895690918, 0.3196571929359436, 0.31055085711479186, 0.30134940583229064, 0.28841609793663026, 0.2734377724456787, 0.26734262919425966, 0.25423365567684175, 0.24365543390274047, 0.24278319566726683, 0.23201442020893098, 0.2239683510684967, 0.21976644394755362, 0.2120102048623562, 0.20769206757545472, 0.20107937091112138, 0.19753062772750854, 0.18796906416893006, 0.18292054672718047, 0.17503584333896638, 0.17264956317424773, 0.17238210486412048, 0.16886216267108917, 0.16010277689933777, 0.15782900707244873, 0.15411849371671676, 0.15668740957975388, 0.15096706904888152, 0.15928532264709472, 0.14732399128913878, 0.15137355614066125, 0.14257310299634934, 0.1402664467549324, 0.1352381837105751, 0.1309191735649109, 0.12914990912556648, 0.12988860827445983, 0.1257503541147709, 0.12750428601503372, 0.12594147642850875, 0.12654042632460594, 0.11763737063527108, 0.1151814687883854, 0.11757216033697128, 0.1152198654305935, 0.1123847996687889, 0.10916443477511406, 0.11310395662307739, 0.11059505873441697, 0.1124963200545311, 0.10711460832476616, 0.10611560744166375, 0.10292590040266514, 0.10035074689865112, 0.09934241012454033, 0.10005884748220444, 0.09800896884322166, 0.09618818493962288, 0.09129319833993911, 0.10121990527808666, 0.09529484602510929, 0.09704256971120834, 0.09141208269238472, 0.09153368150055409, 0.0884913857793808, 0.0830549638557434, 0.08856510433673859, 0.08844867041766644, 0.08253596207350493, 0.08752757036507129, 0.0874352249288559, 0.08547664898335934, 0.08696126190781593, 0.08241776749014855, 0.08410439034759998, 0.07915493365585805, 0.08276205820024013, 0.08448459799468518, 0.08118814687252045, 0.07653357848584652, 0.07489885987609625], "acc": [0.46098, 0.60858, 0.66268, 0.70124, 0.7237, 0.74258, 0.76236, 0.77716, 0.78776, 0.79912, 0.8113, 0.82172, 0.8294, 0.83952, 0.8391, 0.85564, 0.86192, 0.87014, 0.87554, 0.87814, 0.88648, 0.88904, 0.89264, 0.89738, 0.90214, 0.90446, 0.9083, 0.9129, 0.9133, 0.91752, 0.91948, 0.92196, 0.92326, 0.92488, 0.92834, 0.92966, 0.93244, 0.93494, 0.9363, 0.93742, 0.93866, 0.94026, 0.94348, 0.94354, 0.94624, 0.94508, 0.94552, 0.94358, 0.94794, 0.9467, 0.94972, 0.95116, 0.95354, 0.95362, 0.9548, 0.95296, 0.95606, 0.95386, 0.95518, 0.95482, 0.9586, 0.95866, 0.95844, 0.95978, 0.96082, 0.96096, 0.95972, 0.96002, 0.95938, 0.96214, 0.96194, 0.96358, 0.96418, 0.96566, 0.9645, 0.96504, 0.96628, 0.96732, 0.96512, 0.9666, 0.965, 0.9676, 0.96758, 0.9689, 0.97036, 0.96914, 0.96864, 0.9712, 0.96978, 0.96944, 0.97054, 0.9699, 0.97084, 0.9705, 0.97242, 0.97064, 0.97012, 0.97182, 0.97336, 0.97414]}