{"R": 124.87064505767822, "G": 115.81086245574951, "B": 105.96275035858154}