{
  "val_loss": [
    2.01946548500061,
    1.7557145895004271,
    1.7622671649932862,
    1.6605788766860963,
    1.3957266164779663,
    1.3070592082977295,
    1.4915613466262818,
    1.1831944736480713,
    1.1298397388458252,
    1.0617905931472778,
    1.2978568738937377,
    1.0451824001312255,
    1.0234041961669922,
    0.9807592081069947,
    1.009071134376526,
    0.9777861083984375,
    1.0506836938858033,
    0.9587629801750183,
    0.965649967956543,
    0.9643911082267761,
    0.943169828414917,
    0.8834442058563232,
    0.915847967338562,
    0.8270114930152893,
    0.9061184731483459,
    0.958575611114502,
    0.8298994594573975,
    0.9117984047889709,
    0.8033266311645508,
    1.0215421451568603,
    0.8556143518447876,
    0.8128189918518066,
    0.8516038975715637,
    0.826727552318573,
    0.7494662965774536,
    0.7997603495597839,
    0.7533898920059204,
    0.7945394124031067,
    0.8300748877525329,
    0.7898531191825867,
    0.7180763880729675,
    0.8029754266738892,
    0.7068773236274719,
    0.7519891927719117,
    0.801820851612091,
    0.7857001365661621,
    0.7249128707885742,
    0.8974929556846619,
    0.7440822009086608,
    0.7598802805900574
  ],
  "val_acc": [
    0.4341,
    0.5283,
    0.549,
    0.5806,
    0.6644,
    0.7028,
    0.646,
    0.7391,
    0.7632,
    0.7797,
    0.725,
    0.7917,
    0.7944,
    0.811,
    0.7976,
    0.8098,
    0.7948,
    0.8153,
    0.8134,
    0.8142,
    0.8194,
    0.8335,
    0.8239,
    0.8563,
    0.8305,
    0.8147,
    0.853,
    0.8262,
    0.8557,
    0.7974,
    0.8457,
    0.8503,
    0.847,
    0.8406,
    0.8682,
    0.8572,
    0.8664,
    0.8575,
    0.8507,
    0.8549,
    0.8751,
    0.8504,
    0.8779,
    0.8614,
    0.8539,
    0.8586,
    0.8732,
    0.8272,
    0.8687,
    0.8597
  ],
  "loss": [
    2.2007754844161305,
    1.8507581991303377,
    1.6585370369128856,
    1.5034600565132898,
    1.386423493601934,
    1.2919189193748226,
    1.2087206543734872,
    1.1434115303759778,
    1.0887671938147498,
    1.037163839571209,
    0.9952292359904062,
    0.9592163422033502,
    0.9317043096085256,
    0.9036814044751071,
    0.8759376427704301,
    0.8573185965576575,
    0.8303980949332709,
    0.8184143088167587,
    0.7946192373210588,
    0.773337538425739,
    0.7557405810480173,
    0.744095086764555,
    0.7289761294720454,
    0.7088249829246097,
    0.7007850191131937,
    0.6838576672434387,
    0.6668792074981851,
    0.6628285938820703,
    0.6517377388488799,
    0.640039092958222,
    0.6305569495418953,
    0.6141171441806369,
    0.6042766061814351,
    0.5981467069247077,
    0.5855052683228745,
    0.5759475595739969,
    0.5702705481113531,
    0.5655207493286831,
    0.556083019714077,
    0.5484538681232012,
    0.5421652213724745,
    0.5355621709401385,
    0.526821159153823,
    0.5277067094277113,
    0.5107263491160607,
    0.5065655681350348,
    0.5059457852896261,
    0.4978922516786406,
    0.48545388223882435,
    0.482891852843444
  ],
  "acc": [
    0.3456247994771247,
    0.49097690086621754,
    0.5677133461853079,
    0.6258421559573979,
    0.6687921077959577,
    0.7037014757588692,
    0.732535290305034,
    0.7542308309654184,
    0.7747834456590341,
    0.7896414821944177,
    0.8050008020915013,
    0.8161693936668607,
    0.8236284889507876,
    0.8337143085918481,
    0.841774943856272,
    0.8447625922361245,
    0.8517404556044945,
    0.8560514918573017,
    0.86481392364453,
    0.8694911858974359,
    0.8742373154074548,
    0.8761830285530959,
    0.8795917549116473,
    0.8864292589410361,
    0.8884343920627541,
    0.8928657363231342,
    0.8978384664741739,
    0.8964749759001575,
    0.8986806223933269,
    0.9040142765097179,
    0.9053176130512642,
    0.9107515238629421,
    0.913017324312092,
    0.9134183509976274,
    0.9160450754121285,
    0.9201355469811984,
    0.9195913461538462,
    0.9215639049071261,
    0.9230229387040088,
    0.9244991987179487,
    0.9261801542000044,
    0.926973051048832,
    0.9293190567471257,
    0.9274439102564103,
    0.9328837508028259,
    0.9341714790053272,
    0.9335899904136058,
    0.9344321462753915,
    0.9390439525375697,
    0.9386028232274624
  ]
}